{"cameraMode":{"drawMode":0,"name":"Shaded","section":"Shading Mode"},"sceneLighting":true,"audioPlay":false,"sceneViewState":{"showFog":false,"showMaterialUpdate":false,"showSkybox":false,"showFlares":false,"showImageEffects":true,"showParticleSystems":true},"in2DMode":false,"pivot":{"x":10.546623229980469,"y":10.424787521362305,"z":1.2347444295883179},"rotation":{"x":-0.32903528213500979,"y":-0.0142397191375494,"z":0.004990071523934603,"w":-0.9441971182823181},"size":26.942148208618165,"orthographic":false}